[{"name":"sql.active_record","payload":{"sql":"SELECT  \"users\".* FROM \"users\"  WHERE \"users\".\"id\" = 2 LIMIT 1","name":"User Load","connection_id":49533140,"statement_name":null,"binds":[],"line":10,"filename":"/home/robert/Documents/Homework/wdi_melb_homework/gumballs/robert_will/w4d3/cookbook/app/controllers/application_controller.rb","method":"current_user"},"time":"2014-10-23T15:21:49.864+11:00","transaction_id":"9330b5d196d7ac878ab2","end":"2014-10-23T15:21:49.865+11:00","children":[],"duration":1.07006},{"name":"sql.active_record","payload":{"sql":"SHOW search_path","name":"SCHEMA","connection_id":49533140,"statement_name":null,"binds":[],"line":9,"filename":"/home/robert/Documents/Homework/wdi_melb_homework/gumballs/robert_will/w4d3/cookbook/app/controllers/books_controller.rb","method":"show"},"time":"2014-10-23T15:21:49.869+11:00","transaction_id":"9330b5d196d7ac878ab2","end":"2014-10-23T15:21:49.869+11:00","children":[],"duration":0.350258},{"name":"sql.active_record","payload":{"sql":"SELECT  \"books\".* FROM \"books\"  WHERE \"books\".\"id\" = $1 LIMIT 1","name":"Book Load","connection_id":49533140,"statement_name":"a1","binds":[[{"oid_type":{},"array":false,"name":"id","sql_type":"integer","null":false,"limit":null,"precision":null,"scale":null,"type":"integer","default":null,"default_function":"nextval('books_id_seq'::regclass)","primary":true,"coder":null},1]],"line":9,"filename":"/home/robert/Documents/Homework/wdi_melb_homework/gumballs/robert_will/w4d3/cookbook/app/controllers/books_controller.rb","method":"show"},"time":"2014-10-23T15:21:49.873+11:00","transaction_id":"9330b5d196d7ac878ab2","end":"2014-10-23T15:21:49.874+11:00","children":[],"duration":1.00372},{"name":"sql.active_record","payload":{"sql":"              SELECT a.attname, format_type(a.atttypid, a.atttypmod),\n                     pg_get_expr(d.adbin, d.adrelid), a.attnotnull, a.atttypid, a.atttypmod\n                FROM pg_attribute a LEFT JOIN pg_attrdef d\n                  ON a.attrelid = d.adrelid AND a.attnum = d.adnum\n               WHERE a.attrelid = '\"recipes\"'::regclass\n                 AND a.attnum \u003e 0 AND NOT a.attisdropped\n               ORDER BY a.attnum\n","name":"SCHEMA","connection_id":49533140,"statement_name":null,"binds":[],"line":10,"filename":"/home/robert/Documents/Homework/wdi_melb_homework/gumballs/robert_will/w4d3/cookbook/app/controllers/books_controller.rb","method":"show"},"time":"2014-10-23T15:21:49.896+11:00","transaction_id":"9330b5d196d7ac878ab2","end":"2014-10-23T15:21:49.898+11:00","children":[],"duration":2.0773889999999997},{"name":"sql.active_record","payload":{"sql":"SELECT \"recipes\".* FROM \"recipes\"  WHERE \"recipes\".\"book_id\" = $1","name":"Recipe Load","connection_id":49533140,"statement_name":"a2","binds":[[{"oid_type":{},"array":false,"name":"book_id","sql_type":"integer","null":true,"limit":null,"precision":null,"scale":null,"type":"integer","default":null,"default_function":null,"primary":null,"coder":null},1]],"line":7,"filename":"/home/robert/Documents/Homework/wdi_melb_homework/gumballs/robert_will/w4d3/cookbook/app/views/books/show.html.erb","method":"_app_views_books_show_html_erb__2194585947320639588_54632080"},"time":"2014-10-23T15:21:49.915+11:00","transaction_id":"9330b5d196d7ac878ab2","end":"2014-10-23T15:21:49.916+11:00","children":[],"duration":1.296392},{"name":"sql.active_record","payload":{"sql":"              SELECT COUNT(*)\n              FROM pg_class c\n              LEFT JOIN pg_namespace n ON n.oid = c.relnamespace\n              WHERE c.relkind in ('v','r')\n              AND c.relname = 'recipes'\n              AND n.nspname = ANY (current_schemas(false))\n","name":"SCHEMA","connection_id":49533140,"statement_name":null,"binds":[],"line":7,"filename":"/home/robert/Documents/Homework/wdi_melb_homework/gumballs/robert_will/w4d3/cookbook/app/views/books/show.html.erb","method":"_app_views_books_show_html_erb__2194585947320639588_54632080"},"time":"2014-10-23T15:21:49.920+11:00","transaction_id":"9330b5d196d7ac878ab2","end":"2014-10-23T15:21:49.922+11:00","children":[],"duration":1.883332},{"name":"sql.active_record","payload":{"sql":"            SELECT attr.attname\n            FROM pg_attribute attr\n            INNER JOIN pg_constraint cons ON attr.attrelid = cons.conrelid AND attr.attnum = cons.conkey[1]\n            WHERE cons.contype = 'p'\n              AND cons.conrelid = '\"recipes\"'::regclass\n","name":"SCHEMA","connection_id":49533140,"statement_name":null,"binds":[],"line":7,"filename":"/home/robert/Documents/Homework/wdi_melb_homework/gumballs/robert_will/w4d3/cookbook/app/views/books/show.html.erb","method":"_app_views_books_show_html_erb__2194585947320639588_54632080"},"time":"2014-10-23T15:21:49.927+11:00","transaction_id":"9330b5d196d7ac878ab2","end":"2014-10-23T15:21:49.928+11:00","children":[],"duration":1.5118880000000001},{"name":"render_template.action_view","payload":{"identifier":"/home/robert/Documents/Homework/wdi_melb_homework/gumballs/robert_will/w4d3/cookbook/app/views/books/show.html.erb","layout":"layouts/application"},"time":"2014-10-23T15:21:49.911+11:00","transaction_id":"b738a82d44da733caaff","end":"2014-10-23T15:21:49.944+11:00","children":[],"duration":33.271294},{"name":"sql.active_record","payload":{"sql":"SELECT  \"users\".* FROM \"users\"  WHERE \"users\".\"id\" = 2 LIMIT 1","binds":[],"name":"CACHE","connection_id":49533140,"line":10,"filename":"/home/robert/Documents/Homework/wdi_melb_homework/gumballs/robert_will/w4d3/cookbook/app/controllers/application_controller.rb","method":"current_user"},"time":"2014-10-23T15:21:50.024+11:00","transaction_id":"b738a82d44da733caaff","end":"2014-10-23T15:21:50.024+11:00","children":[],"duration":0.280184},{"name":"process_action.action_controller","payload":{"controller":"BooksController","action":"show","params":{"action":"show","controller":"books","id":"1"},"format":"html","method":"GET","path":"/books/1","status":200,"view_runtime":113.890809,"db_runtime":8.069019},"time":"2014-10-23T15:21:49.864+11:00","transaction_id":"b738a82d44da733caaff","end":"2014-10-23T15:21:50.027+11:00","children":[],"duration":163.13529}]