[{"name":"sql.active_record","payload":{"sql":"SELECT  \"users\".* FROM \"users\"  WHERE \"users\".\"id\" = 2 LIMIT 1","name":"User Load","connection_id":49533140,"statement_name":null,"binds":[],"line":10,"filename":"/home/robert/Documents/Homework/wdi_melb_homework/gumballs/robert_will/w4d3/cookbook/app/controllers/application_controller.rb","method":"current_user"},"time":"2014-10-23T15:22:42.532+11:00","transaction_id":"9330b5d196d7ac878ab2","end":"2014-10-23T15:22:42.533+11:00","children":[],"duration":1.639392},{"name":"sql.active_record","payload":{"sql":"SELECT  \"books\".* FROM \"books\"  WHERE \"books\".\"id\" = $1 LIMIT 1","name":"Book Load","connection_id":49533140,"statement_name":"a1","binds":[[{"oid_type":{},"array":false,"name":"id","sql_type":"integer","null":false,"limit":null,"precision":null,"scale":null,"type":"integer","default":null,"default_function":"nextval('books_id_seq'::regclass)","primary":true,"coder":null},1]],"line":9,"filename":"/home/robert/Documents/Homework/wdi_melb_homework/gumballs/robert_will/w4d3/cookbook/app/controllers/books_controller.rb","method":"show"},"time":"2014-10-23T15:22:42.539+11:00","transaction_id":"9330b5d196d7ac878ab2","end":"2014-10-23T15:22:42.540+11:00","children":[],"duration":0.856568},{"name":"sql.active_record","payload":{"sql":"SELECT \"recipes\".* FROM \"recipes\"  WHERE \"recipes\".\"book_id\" = $1","name":"Recipe Load","connection_id":49533140,"statement_name":"a2","binds":[[{"oid_type":{},"array":false,"name":"book_id","sql_type":"integer","null":true,"limit":null,"precision":null,"scale":null,"type":"integer","default":null,"default_function":null,"primary":null,"coder":null},1]],"line":7,"filename":"/home/robert/Documents/Homework/wdi_melb_homework/gumballs/robert_will/w4d3/cookbook/app/views/books/show.html.erb","method":"_app_views_books_show_html_erb__2194585947320639588_54632080"},"time":"2014-10-23T15:22:42.546+11:00","transaction_id":"9330b5d196d7ac878ab2","end":"2014-10-23T15:22:42.547+11:00","children":[],"duration":1.009214},{"name":"render_template.action_view","payload":{"identifier":"/home/robert/Documents/Homework/wdi_melb_homework/gumballs/robert_will/w4d3/cookbook/app/views/books/show.html.erb","layout":"layouts/application"},"time":"2014-10-23T15:22:42.545+11:00","transaction_id":"9330b5d196d7ac878ab2","end":"2014-10-23T15:22:42.552+11:00","children":[],"duration":6.543269},{"name":"sql.active_record","payload":{"sql":"SELECT  \"users\".* FROM \"users\"  WHERE \"users\".\"id\" = 2 LIMIT 1","binds":[],"name":"CACHE","connection_id":49533140,"line":10,"filename":"/home/robert/Documents/Homework/wdi_melb_homework/gumballs/robert_will/w4d3/cookbook/app/controllers/application_controller.rb","method":"current_user"},"time":"2014-10-23T15:22:42.639+11:00","transaction_id":"9330b5d196d7ac878ab2","end":"2014-10-23T15:22:42.639+11:00","children":[],"duration":0.25817100000000004},{"name":"process_action.action_controller","payload":{"controller":"BooksController","action":"show","params":{"action":"show","controller":"books","id":"1"},"format":"html","method":"GET","path":"/books/1","status":200,"view_runtime":97.09517000000001,"db_runtime":2.064744},"time":"2014-10-23T15:22:42.530+11:00","transaction_id":"9330b5d196d7ac878ab2","end":"2014-10-23T15:22:42.641+11:00","children":[],"duration":111.483549}]