[{"name":"sql.active_record","payload":{"sql":"SELECT  \"users\".* FROM \"users\"  WHERE \"users\".\"id\" = 2 LIMIT 1","name":"User Load","connection_id":49533140,"statement_name":null,"binds":[],"line":10,"filename":"/home/robert/Documents/Homework/wdi_melb_homework/gumballs/robert_will/w4d3/cookbook/app/controllers/application_controller.rb","method":"current_user"},"time":"2014-10-23T15:27:10.245+11:00","transaction_id":"9330b5d196d7ac878ab2","end":"2014-10-23T15:27:10.246+11:00","children":[],"duration":0.9019590000000001},{"name":"sql.active_record","payload":{"sql":"SELECT  \"books\".* FROM \"books\"  WHERE \"books\".\"id\" = $1 LIMIT 1","name":"Book Load","connection_id":49533140,"statement_name":"a1","binds":[[{"oid_type":{},"array":false,"name":"id","sql_type":"integer","null":false,"limit":null,"precision":null,"scale":null,"type":"integer","default":null,"default_function":"nextval('books_id_seq'::regclass)","primary":true,"coder":null},1]],"line":9,"filename":"/home/robert/Documents/Homework/wdi_melb_homework/gumballs/robert_will/w4d3/cookbook/app/controllers/books_controller.rb","method":"show"},"time":"2014-10-23T15:27:10.250+11:00","transaction_id":"9330b5d196d7ac878ab2","end":"2014-10-23T15:27:10.251+11:00","children":[],"duration":0.9021899999999999},{"name":"sql.active_record","payload":{"sql":"SELECT \"recipes\".* FROM \"recipes\"  WHERE \"recipes\".\"book_id\" = $1","name":"Recipe Load","connection_id":49533140,"statement_name":"a2","binds":[[{"oid_type":{},"array":false,"name":"book_id","sql_type":"integer","null":true,"limit":null,"precision":null,"scale":null,"type":"integer","default":null,"default_function":null,"primary":null,"coder":null},1]],"line":7,"filename":"/home/robert/Documents/Homework/wdi_melb_homework/gumballs/robert_will/w4d3/cookbook/app/views/books/show.html.erb","method":"_app_views_books_show_html_erb__2194585947320639588_26321600"},"time":"2014-10-23T15:27:10.259+11:00","transaction_id":"9330b5d196d7ac878ab2","end":"2014-10-23T15:27:10.261+11:00","children":[],"duration":2.0740429999999996},{"name":"render_template.action_view","payload":{"identifier":"/home/robert/Documents/Homework/wdi_melb_homework/gumballs/robert_will/w4d3/cookbook/app/views/books/show.html.erb","layout":"layouts/application"},"time":"2014-10-23T15:27:10.257+11:00","transaction_id":"a4f20c8d253ad536dad1","end":"2014-10-23T15:27:10.270+11:00","children":[],"duration":12.79593},{"name":"sql.active_record","payload":{"sql":"SELECT  \"users\".* FROM \"users\"  WHERE \"users\".\"id\" = 2 LIMIT 1","binds":[],"name":"CACHE","connection_id":49533140,"line":10,"filename":"/home/robert/Documents/Homework/wdi_melb_homework/gumballs/robert_will/w4d3/cookbook/app/controllers/application_controller.rb","method":"current_user"},"time":"2014-10-23T15:27:10.368+11:00","transaction_id":"a4f20c8d253ad536dad1","end":"2014-10-23T15:27:10.368+11:00","children":[],"duration":0.25400500000000004},{"name":"process_action.action_controller","payload":{"controller":"BooksController","action":"show","params":{"action":"show","controller":"books","id":"1"},"format":"html","method":"GET","path":"/books/1","status":200,"view_runtime":114.42453099999999,"db_runtime":1.658163},"time":"2014-10-23T15:27:10.244+11:00","transaction_id":"a4f20c8d253ad536dad1","end":"2014-10-23T15:27:10.371+11:00","children":[],"duration":126.620894}]