[{"name":"sql.active_record","payload":{"sql":"SELECT  \"users\".* FROM \"users\"  WHERE \"users\".\"id\" = 2 LIMIT 1","name":"User Load","connection_id":49533140,"statement_name":null,"binds":[],"line":10,"filename":"/home/robert/Documents/Homework/wdi_melb_homework/gumballs/robert_will/w4d3/cookbook/app/controllers/application_controller.rb","method":"current_user"},"time":"2014-10-23T15:21:52.906+11:00","transaction_id":"9330b5d196d7ac878ab2","end":"2014-10-23T15:21:52.907+11:00","children":[],"duration":0.917722},{"name":"sql.active_record","payload":{"sql":"SELECT \"books\".* FROM \"books\"","name":"Book Load","connection_id":49533140,"statement_name":null,"binds":[],"line":7,"filename":"/home/robert/Documents/Homework/wdi_melb_homework/gumballs/robert_will/w4d3/cookbook/app/views/recipes/new.html.erb","method":"block in _app_views_recipes_new_html_erb__4121157610223913753_51307800"},"time":"2014-10-23T15:21:52.914+11:00","transaction_id":"9330b5d196d7ac878ab2","end":"2014-10-23T15:21:52.914+11:00","children":[],"duration":0.794014},{"name":"render_template.action_view","payload":{"identifier":"/home/robert/Documents/Homework/wdi_melb_homework/gumballs/robert_will/w4d3/cookbook/app/views/recipes/new.html.erb","layout":"layouts/application"},"time":"2014-10-23T15:21:52.912+11:00","transaction_id":"b738a82d44da733caaff","end":"2014-10-23T15:21:52.924+11:00","children":[],"duration":11.826048},{"name":"sql.active_record","payload":{"sql":"SELECT  \"users\".* FROM \"users\"  WHERE \"users\".\"id\" = 2 LIMIT 1","binds":[],"name":"CACHE","connection_id":49533140,"line":10,"filename":"/home/robert/Documents/Homework/wdi_melb_homework/gumballs/robert_will/w4d3/cookbook/app/controllers/application_controller.rb","method":"current_user"},"time":"2014-10-23T15:21:53.008+11:00","transaction_id":"b738a82d44da733caaff","end":"2014-10-23T15:21:53.008+11:00","children":[],"duration":0.293708},{"name":"process_action.action_controller","payload":{"controller":"RecipesController","action":"new","params":{"action":"new","controller":"recipes"},"format":"html","method":"GET","path":"/recipes/new","status":200,"view_runtime":100.626531,"db_runtime":1.024048},"time":"2014-10-23T15:21:52.906+11:00","transaction_id":"b738a82d44da733caaff","end":"2014-10-23T15:21:53.011+11:00","children":[],"duration":105.573658}]