[{"name":"sql.active_record","payload":{"sql":"SELECT  \"users\".* FROM \"users\"  WHERE \"users\".\"id\" = 2 LIMIT 1","name":"User Load","connection_id":49533140,"statement_name":null,"binds":[],"line":10,"filename":"/home/robert/Documents/Homework/wdi_melb_homework/gumballs/robert_will/w4d3/cookbook/app/controllers/application_controller.rb","method":"current_user"},"time":"2014-10-23T15:21:47.405+11:00","transaction_id":"9330b5d196d7ac878ab2","end":"2014-10-23T15:21:47.406+11:00","children":[],"duration":1.459855},{"name":"sql.active_record","payload":{"sql":"SELECT \"books\".* FROM \"books\"","name":"Book Load","connection_id":49533140,"statement_name":null,"binds":[],"line":4,"filename":"/home/robert/Documents/Homework/wdi_melb_homework/gumballs/robert_will/w4d3/cookbook/app/views/books/index.html.erb","method":"_app_views_books_index_html_erb__2798130658435381655_52658300"},"time":"2014-10-23T15:21:47.418+11:00","transaction_id":"9330b5d196d7ac878ab2","end":"2014-10-23T15:21:47.419+11:00","children":[],"duration":1.47215},{"name":"render_template.action_view","payload":{"identifier":"/home/robert/Documents/Homework/wdi_melb_homework/gumballs/robert_will/w4d3/cookbook/app/views/books/index.html.erb","layout":"layouts/application"},"time":"2014-10-23T15:21:47.415+11:00","transaction_id":"b738a82d44da733caaff","end":"2014-10-23T15:21:47.425+11:00","children":[],"duration":9.079989},{"name":"sql.active_record","payload":{"sql":"SELECT  \"users\".* FROM \"users\"  WHERE \"users\".\"id\" = 2 LIMIT 1","binds":[],"name":"CACHE","connection_id":49533140,"line":10,"filename":"/home/robert/Documents/Homework/wdi_melb_homework/gumballs/robert_will/w4d3/cookbook/app/controllers/application_controller.rb","method":"current_user"},"time":"2014-10-23T15:21:47.515+11:00","transaction_id":"b738a82d44da733caaff","end":"2014-10-23T15:21:47.515+11:00","children":[],"duration":0.24398399999999998},{"name":"process_action.action_controller","payload":{"controller":"BooksController","action":"index","params":{"action":"index","controller":"books"},"format":"html","method":"GET","path":"/books","status":200,"view_runtime":104.548729,"db_runtime":1.7432379999999998},"time":"2014-10-23T15:21:47.403+11:00","transaction_id":"b738a82d44da733caaff","end":"2014-10-23T15:21:47.518+11:00","children":[],"duration":114.83017}]