[{"name":"sql.active_record","payload":{"sql":"SELECT  \"users\".* FROM \"users\"  WHERE \"users\".\"id\" = 2 LIMIT 1","name":"User Load","connection_id":49533140,"statement_name":null,"binds":[],"line":10,"filename":"/home/robert/Documents/Homework/wdi_melb_homework/gumballs/robert_will/w4d3/cookbook/app/controllers/application_controller.rb","method":"current_user"},"time":"2014-10-23T15:21:45.920+11:00","transaction_id":"9330b5d196d7ac878ab2","end":"2014-10-23T15:21:45.921+11:00","children":[],"duration":0.966648},{"name":"render_template.action_view","payload":{"identifier":"/home/robert/Documents/Homework/wdi_melb_homework/gumballs/robert_will/w4d3/cookbook/app/views/books/new.html.erb","layout":"layouts/application"},"time":"2014-10-23T15:21:45.926+11:00","transaction_id":"b738a82d44da733caaff","end":"2014-10-23T15:21:45.931+11:00","children":[],"duration":4.5510790000000005},{"name":"sql.active_record","payload":{"sql":"SELECT  \"users\".* FROM \"users\"  WHERE \"users\".\"id\" = 2 LIMIT 1","binds":[],"name":"CACHE","connection_id":49533140,"line":10,"filename":"/home/robert/Documents/Homework/wdi_melb_homework/gumballs/robert_will/w4d3/cookbook/app/controllers/application_controller.rb","method":"current_user"},"time":"2014-10-23T15:21:46.026+11:00","transaction_id":"b738a82d44da733caaff","end":"2014-10-23T15:21:46.026+11:00","children":[],"duration":0.268702},{"name":"process_action.action_controller","payload":{"controller":"BooksController","action":"new","params":{"action":"new","controller":"books"},"format":"html","method":"GET","path":"/books/new","status":200,"view_runtime":104.314022,"db_runtime":0.519579},"time":"2014-10-23T15:21:45.919+11:00","transaction_id":"b738a82d44da733caaff","end":"2014-10-23T15:21:46.029+11:00","children":[],"duration":109.71262}]