[{"name":"render_template.action_view","payload":{"identifier":"/home/robert/Documents/Homework/wdi_melb_homework/gumballs/robert_will/w4d3/cookbook/app/views/session/new.html.erb","layout":"layouts/application"},"time":"2014-10-23T15:30:41.790+11:00","transaction_id":"f82055e520972d9281ed","end":"2014-10-23T15:30:41.792+11:00","children":[],"duration":1.574612},{"name":"sql.active_record","payload":{"sql":"SELECT  \"users\".* FROM \"users\"  WHERE \"users\".\"id\" IS NULL LIMIT 1","name":"User Load","connection_id":49533140,"statement_name":null,"binds":[],"line":10,"filename":"/home/robert/Documents/Homework/wdi_melb_homework/gumballs/robert_will/w4d3/cookbook/app/controllers/application_controller.rb","method":"current_user"},"time":"2014-10-23T15:30:41.880+11:00","transaction_id":"9330b5d196d7ac878ab2","end":"2014-10-23T15:30:41.882+11:00","children":[],"duration":1.455335},{"name":"process_action.action_controller","payload":{"controller":"SessionController","action":"new","params":{"controller":"session","action":"new"},"format":"html","method":"GET","path":"/login","status":200,"view_runtime":96.20869699999999,"db_runtime":1.016456},"time":"2014-10-23T15:30:41.787+11:00","transaction_id":"f82055e520972d9281ed","end":"2014-10-23T15:30:41.885+11:00","children":[],"duration":98.07526399999999}]