[{"name":"sql.active_record","payload":{"sql":"SELECT  \"tasks\".* FROM \"tasks\"  WHERE \"tasks\".\"id\" = $1 LIMIT 1","name":"Task Load","connection_id":70292798037760,"statement_name":"a2","binds":[[{"oid_type":{},"array":false,"name":"id","sql_type":"integer","null":false,"limit":null,"precision":null,"scale":null,"type":"integer","default":null,"default_function":"nextval('tasks_id_seq'::regclass)","primary":true,"coder":null},82]],"line":23,"filename":"/Users/JoshuaRichardson/Documents/Ruby/homework/wdi_melb_homework/gumballs/joshua_richardson/wk7d4/todor/app/controllers/tasks_controller.rb","method":"complete"},"time":"2014-11-13T21:32:32.290+11:00","transaction_id":"0418f09f46bf0b4d357a","end":"2014-11-13T21:32:32.291+11:00","children":[],"duration":0.416},{"name":"sql.active_record","payload":{"sql":"BEGIN","name":null,"connection_id":70292798037760,"statement_name":null,"binds":[],"line":25,"filename":"/Users/JoshuaRichardson/Documents/Ruby/homework/wdi_melb_homework/gumballs/joshua_richardson/wk7d4/todor/app/controllers/tasks_controller.rb","method":"complete"},"time":"2014-11-13T21:32:32.293+11:00","transaction_id":"0418f09f46bf0b4d357a","end":"2014-11-13T21:32:32.294+11:00","children":[],"duration":0.285},{"name":"sql.active_record","payload":{"sql":"UPDATE \"tasks\" SET \"completed\" = $1, \"updated_at\" = $2 WHERE \"tasks\".\"id\" = 82","name":"SQL","connection_id":70292798037760,"statement_name":"a12","binds":[[{"oid_type":{},"array":false,"name":"completed","sql_type":"boolean","null":true,"limit":null,"precision":null,"scale":null,"type":"boolean","default":null,"default_function":null,"primary":false,"coder":null},"t"],[{"oid_type":{},"array":false,"name":"updated_at","sql_type":"timestamp without time zone","null":true,"limit":null,"precision":null,"scale":null,"type":"datetime","default":null,"default_function":null,"primary":false,"coder":null},"2014-11-13 10:32:32.300180"]],"line":25,"filename":"/Users/JoshuaRichardson/Documents/Ruby/homework/wdi_melb_homework/gumballs/joshua_richardson/wk7d4/todor/app/controllers/tasks_controller.rb","method":"complete"},"time":"2014-11-13T21:32:32.300+11:00","transaction_id":"0418f09f46bf0b4d357a","end":"2014-11-13T21:32:32.301+11:00","children":[],"duration":0.626},{"name":"sql.active_record","payload":{"sql":"COMMIT","name":null,"connection_id":70292798037760,"statement_name":null,"binds":[],"line":25,"filename":"/Users/JoshuaRichardson/Documents/Ruby/homework/wdi_melb_homework/gumballs/joshua_richardson/wk7d4/todor/app/controllers/tasks_controller.rb","method":"complete"},"time":"2014-11-13T21:32:32.303+11:00","transaction_id":"0418f09f46bf0b4d357a","end":"2014-11-13T21:32:32.407+11:00","children":[],"duration":103.414},{"name":"process_action.action_controller","payload":{"controller":"TasksController","action":"complete","params":{"controller":"tasks","action":"complete","id":"82"},"format":"*/*","method":"POST","path":"/tasks/82/complete","status":200,"view_runtime":0.277,"db_runtime":103.6},"time":"2014-11-13T21:32:32.290+11:00","transaction_id":"b9e9a0d654ff66778016","end":"2014-11-13T21:32:32.409+11:00","children":[],"duration":119.698}]