[{"name":"render_template.action_view","payload":{"identifier":"/Users/JoshuaRichardson/Documents/Ruby/homework/wdi_melb_homework/gumballs/joshua_richardson/wk7d4/todor/app/views/tasks/index.html.erb","layout":"layouts/application"},"time":"2014-11-13T21:32:36.414+11:00","transaction_id":"b9e9a0d654ff66778016","end":"2014-11-13T21:32:36.416+11:00","children":[],"duration":1.51},{"name":"process_action.action_controller","payload":{"controller":"TasksController","action":"index","params":{"controller":"tasks","action":"index"},"format":"html","method":"GET","path":"/","status":200,"view_runtime":38.058,"db_runtime":0},"time":"2014-11-13T21:32:36.408+11:00","transaction_id":"b9e9a0d654ff66778016","end":"2014-11-13T21:32:36.446+11:00","children":[],"duration":38.275000000000006}]