[{"name":"sql.active_record","payload":{"sql":"SELECT \"tasks\".* FROM \"tasks\"","name":"Task Load","connection_id":70292798037760,"statement_name":null,"binds":[],"line":8,"filename":"/Users/JoshuaRichardson/Documents/Ruby/homework/wdi_melb_homework/gumballs/joshua_richardson/wk7d4/todor/app/controllers/tasks_controller.rb","method":"block (2 levels) in index"},"time":"2014-11-13T20:00:53.838+11:00","transaction_id":"0418f09f46bf0b4d357a","end":"2014-11-13T20:00:53.840+11:00","children":[],"duration":1.6509999999999998},{"name":"process_action.action_controller","payload":{"controller":"TasksController","action":"index","params":{"action":"index","controller":"tasks","format":"json"},"format":"json","method":"GET","path":"/tasks.json","status":200,"view_runtime":4.6819999999999995,"db_runtime":1.232},"time":"2014-11-13T20:00:53.837+11:00","transaction_id":"2d30016a62212f6c01ee","end":"2014-11-13T20:00:53.843+11:00","children":[],"duration":6.288}]