[{"name":"sql.active_record","payload":{"sql":"SELECT \"tasks\".* FROM \"tasks\"","name":"Task Load","connection_id":70292798037760,"statement_name":null,"binds":[],"line":8,"filename":"/Users/JoshuaRichardson/Documents/Ruby/homework/wdi_melb_homework/gumballs/joshua_richardson/wk7d4/todor/app/controllers/tasks_controller.rb","method":"block (2 levels) in index"},"time":"2014-11-13T21:32:36.761+11:00","transaction_id":"0418f09f46bf0b4d357a","end":"2014-11-13T21:32:36.761+11:00","children":[],"duration":0.756},{"name":"process_action.action_controller","payload":{"controller":"TasksController","action":"index","params":{"action":"index","controller":"tasks","format":"json"},"format":"json","method":"GET","path":"/tasks.json","status":200,"view_runtime":4.893,"db_runtime":0.40499999999999997},"time":"2014-11-13T21:32:36.760+11:00","transaction_id":"03322d348f5db3aeeefc","end":"2014-11-13T21:32:36.766+11:00","children":[],"duration":5.553}]