[{"name":"sql.active_record","payload":{"sql":"SELECT  \"tasks\".* FROM \"tasks\"  WHERE \"tasks\".\"id\" = $1 LIMIT 1","name":"Task Load","connection_id":70292798037760,"statement_name":"a2","binds":[[{"oid_type":{},"array":false,"name":"id","sql_type":"integer","null":false,"limit":null,"precision":null,"scale":null,"type":"integer","default":null,"default_function":"nextval('tasks_id_seq'::regclass)","primary":true,"coder":null},81]],"line":30,"filename":"/Users/JoshuaRichardson/Documents/Ruby/homework/wdi_melb_homework/gumballs/joshua_richardson/wk7d4/todor/app/controllers/tasks_controller.rb","method":"uncomplete"},"time":"2014-11-13T21:32:34.087+11:00","transaction_id":"0418f09f46bf0b4d357a","end":"2014-11-13T21:32:34.087+11:00","children":[],"duration":0.42700000000000005},{"name":"sql.active_record","payload":{"sql":"BEGIN","name":null,"connection_id":70292798037760,"statement_name":null,"binds":[],"line":32,"filename":"/Users/JoshuaRichardson/Documents/Ruby/homework/wdi_melb_homework/gumballs/joshua_richardson/wk7d4/todor/app/controllers/tasks_controller.rb","method":"uncomplete"},"time":"2014-11-13T21:32:34.090+11:00","transaction_id":"0418f09f46bf0b4d357a","end":"2014-11-13T21:32:34.090+11:00","children":[],"duration":0.26899999999999996},{"name":"sql.active_record","payload":{"sql":"UPDATE \"tasks\" SET \"completed\" = $1, \"updated_at\" = $2 WHERE \"tasks\".\"id\" = 81","name":"SQL","connection_id":70292798037760,"statement_name":"a11","binds":[[{"oid_type":{},"array":false,"name":"completed","sql_type":"boolean","null":true,"limit":null,"precision":null,"scale":null,"type":"boolean","default":null,"default_function":null,"primary":false,"coder":null},"f"],[{"oid_type":{},"array":false,"name":"updated_at","sql_type":"timestamp without time zone","null":true,"limit":null,"precision":null,"scale":null,"type":"datetime","default":null,"default_function":null,"primary":false,"coder":null},"2014-11-13 10:32:34.092782"]],"line":32,"filename":"/Users/JoshuaRichardson/Documents/Ruby/homework/wdi_melb_homework/gumballs/joshua_richardson/wk7d4/todor/app/controllers/tasks_controller.rb","method":"uncomplete"},"time":"2014-11-13T21:32:34.093+11:00","transaction_id":"0418f09f46bf0b4d357a","end":"2014-11-13T21:32:34.093+11:00","children":[],"duration":0.575},{"name":"sql.active_record","payload":{"sql":"COMMIT","name":null,"connection_id":70292798037760,"statement_name":null,"binds":[],"line":32,"filename":"/Users/JoshuaRichardson/Documents/Ruby/homework/wdi_melb_homework/gumballs/joshua_richardson/wk7d4/todor/app/controllers/tasks_controller.rb","method":"uncomplete"},"time":"2014-11-13T21:32:34.096+11:00","transaction_id":"0418f09f46bf0b4d357a","end":"2014-11-13T21:32:34.097+11:00","children":[],"duration":1.313},{"name":"process_action.action_controller","payload":{"controller":"TasksController","action":"uncomplete","params":{"controller":"tasks","action":"uncomplete","id":"81"},"format":"*/*","method":"POST","path":"/tasks/81/uncomplete","status":200,"view_runtime":0.451,"db_runtime":1.5949999999999998},"time":"2014-11-13T21:32:34.086+11:00","transaction_id":"b9e9a0d654ff66778016","end":"2014-11-13T21:32:34.101+11:00","children":[],"duration":14.396}]