[{"name":"sql.active_record","payload":{"sql":"              SELECT a.attname, format_type(a.atttypid, a.atttypmod),\n                     pg_get_expr(d.adbin, d.adrelid), a.attnotnull, a.atttypid, a.atttypmod\n                FROM pg_attribute a LEFT JOIN pg_attrdef d\n                  ON a.attrelid = d.adrelid AND a.attnum = d.adnum\n               WHERE a.attrelid = '\"tasks\"'::regclass\n                 AND a.attnum \u003e 0 AND NOT a.attisdropped\n               ORDER BY a.attnum\n","name":"SCHEMA","connection_id":70226031533120,"statement_name":null,"binds":[],"line":3,"filename":"/Users/JoshuaRichardson/Documents/Ruby/homework/wdi_melb_homework/gumballs/joshua_richardson/wk7d4/todor/app/views/tasks/index.html.erb","method":"_app_views_tasks_index_html_erb__1712914566794372581_70226071340400"},"time":"2014-11-16T14:14:12.180+11:00","transaction_id":"fe9aed0bed4e529dae8c","end":"2014-11-16T14:14:12.181+11:00","children":[],"duration":1.488},{"name":"sql.active_record","payload":{"sql":"              SELECT COUNT(*)\n              FROM pg_class c\n              LEFT JOIN pg_namespace n ON n.oid = c.relnamespace\n              WHERE c.relkind in ('v','r')\n              AND c.relname = 'tasks'\n              AND n.nspname = ANY (current_schemas(false))\n","name":"SCHEMA","connection_id":70226031533120,"statement_name":null,"binds":[],"line":3,"filename":"/Users/JoshuaRichardson/Documents/Ruby/homework/wdi_melb_homework/gumballs/joshua_richardson/wk7d4/todor/app/views/tasks/index.html.erb","method":"_app_views_tasks_index_html_erb__1712914566794372581_70226071340400"},"time":"2014-11-16T14:14:12.184+11:00","transaction_id":"fe9aed0bed4e529dae8c","end":"2014-11-16T14:14:12.185+11:00","children":[],"duration":0.669},{"name":"sql.active_record","payload":{"sql":"            SELECT attr.attname\n            FROM pg_attribute attr\n            INNER JOIN pg_constraint cons ON attr.attrelid = cons.conrelid AND attr.attnum = cons.conkey[1]\n            WHERE cons.contype = 'p'\n              AND cons.conrelid = '\"tasks\"'::regclass\n","name":"SCHEMA","connection_id":70226031533120,"statement_name":null,"binds":[],"line":3,"filename":"/Users/JoshuaRichardson/Documents/Ruby/homework/wdi_melb_homework/gumballs/joshua_richardson/wk7d4/todor/app/views/tasks/index.html.erb","method":"_app_views_tasks_index_html_erb__1712914566794372581_70226071340400"},"time":"2014-11-16T14:14:12.188+11:00","transaction_id":"fe9aed0bed4e529dae8c","end":"2014-11-16T14:14:12.284+11:00","children":[],"duration":96.255},{"name":"render_template.action_view","payload":{"identifier":"/Users/JoshuaRichardson/Documents/Ruby/homework/wdi_melb_homework/gumballs/joshua_richardson/wk7d4/todor/app/views/tasks/index.html.erb","layout":"layouts/application"},"time":"2014-11-16T14:14:12.176+11:00","transaction_id":"fe9aed0bed4e529dae8c","end":"2014-11-16T14:14:12.362+11:00","children":[],"duration":185.638},{"name":"process_action.action_controller","payload":{"controller":"TasksController","action":"index","params":{"controller":"tasks","action":"index"},"format":"html","method":"GET","path":"/","status":200,"view_runtime":317.457,"db_runtime":98.35900000000001},"time":"2014-11-16T14:14:12.158+11:00","transaction_id":"fe9aed0bed4e529dae8c","end":"2014-11-16T14:14:12.577+11:00","children":[],"duration":419.00399999999996}]