[{"name":"sql.active_record","payload":{"sql":"SHOW search_path","name":"SCHEMA","connection_id":70226031533120,"statement_name":null,"binds":[],"line":23,"filename":"/Users/JoshuaRichardson/Documents/Ruby/homework/wdi_melb_homework/gumballs/joshua_richardson/wk7d4/todor/app/controllers/tasks_controller.rb","method":"complete"},"time":"2014-11-16T14:14:15.172+11:00","transaction_id":"fe9aed0bed4e529dae8c","end":"2014-11-16T14:14:15.172+11:00","children":[],"duration":0.201},{"name":"sql.active_record","payload":{"sql":"SELECT  \"tasks\".* FROM \"tasks\"  WHERE \"tasks\".\"id\" = $1 LIMIT 1","name":"Task Load","connection_id":70226031533120,"statement_name":"a1","binds":[[{"oid_type":{},"array":false,"name":"id","sql_type":"integer","null":false,"limit":null,"precision":null,"scale":null,"type":"integer","default":null,"default_function":"nextval('tasks_id_seq'::regclass)","primary":true,"coder":null},80]],"line":23,"filename":"/Users/JoshuaRichardson/Documents/Ruby/homework/wdi_melb_homework/gumballs/joshua_richardson/wk7d4/todor/app/controllers/tasks_controller.rb","method":"complete"},"time":"2014-11-16T14:14:15.175+11:00","transaction_id":"fe9aed0bed4e529dae8c","end":"2014-11-16T14:14:15.175+11:00","children":[],"duration":0.5419999999999999},{"name":"sql.active_record","payload":{"sql":"BEGIN","name":null,"connection_id":70226031533120,"statement_name":null,"binds":[],"line":25,"filename":"/Users/JoshuaRichardson/Documents/Ruby/homework/wdi_melb_homework/gumballs/joshua_richardson/wk7d4/todor/app/controllers/tasks_controller.rb","method":"complete"},"time":"2014-11-16T14:14:15.178+11:00","transaction_id":"fe9aed0bed4e529dae8c","end":"2014-11-16T14:14:15.179+11:00","children":[],"duration":1.519},{"name":"sql.active_record","payload":{"sql":"UPDATE \"tasks\" SET \"completed\" = $1, \"updated_at\" = $2 WHERE \"tasks\".\"id\" = 80","name":"SQL","connection_id":70226031533120,"statement_name":"a2","binds":[[{"oid_type":{},"array":false,"name":"completed","sql_type":"boolean","null":true,"limit":null,"precision":null,"scale":null,"type":"boolean","default":null,"default_function":null,"primary":false,"coder":null},"t"],[{"oid_type":{},"array":false,"name":"updated_at","sql_type":"timestamp without time zone","null":true,"limit":null,"precision":null,"scale":null,"type":"datetime","default":null,"default_function":null,"primary":false,"coder":null},"2014-11-16 03:14:15.182153"]],"line":25,"filename":"/Users/JoshuaRichardson/Documents/Ruby/homework/wdi_melb_homework/gumballs/joshua_richardson/wk7d4/todor/app/controllers/tasks_controller.rb","method":"complete"},"time":"2014-11-16T14:14:15.196+11:00","transaction_id":"fe9aed0bed4e529dae8c","end":"2014-11-16T14:14:15.200+11:00","children":[],"duration":3.555},{"name":"sql.active_record","payload":{"sql":"COMMIT","name":null,"connection_id":70226031533120,"statement_name":null,"binds":[],"line":25,"filename":"/Users/JoshuaRichardson/Documents/Ruby/homework/wdi_melb_homework/gumballs/joshua_richardson/wk7d4/todor/app/controllers/tasks_controller.rb","method":"complete"},"time":"2014-11-16T14:14:15.203+11:00","transaction_id":"fe9aed0bed4e529dae8c","end":"2014-11-16T14:14:15.308+11:00","children":[],"duration":104.989},{"name":"process_action.action_controller","payload":{"controller":"TasksController","action":"complete","params":{"controller":"tasks","action":"complete","id":"80"},"format":"*/*","method":"POST","path":"/tasks/80/complete","status":200,"view_runtime":0.318,"db_runtime":109.377},"time":"2014-11-16T14:14:15.170+11:00","transaction_id":"4dfc0c96981846514dd9","end":"2014-11-16T14:14:15.311+11:00","children":[],"duration":140.511}]