[{"name":"sql.active_record","payload":{"sql":"SELECT \"tasks\".* FROM \"tasks\"","name":"Task Load","connection_id":70226031533120,"statement_name":null,"binds":[],"line":8,"filename":"/Users/JoshuaRichardson/Documents/Ruby/homework/wdi_melb_homework/gumballs/joshua_richardson/wk7d4/todor/app/controllers/tasks_controller.rb","method":"block (2 levels) in index"},"time":"2014-11-16T14:14:12.888+11:00","transaction_id":"fe9aed0bed4e529dae8c","end":"2014-11-16T14:14:12.916+11:00","children":[],"duration":27.94},{"name":"process_action.action_controller","payload":{"controller":"TasksController","action":"index","params":{"action":"index","controller":"tasks","format":"json"},"format":"json","method":"GET","path":"/tasks.json","status":200,"view_runtime":4.133000000000003,"db_runtime":27.583},"time":"2014-11-16T14:14:12.888+11:00","transaction_id":"4dfc0c96981846514dd9","end":"2014-11-16T14:14:12.920+11:00","children":[],"duration":32.035000000000004}]